ArticleId,ArticleTopic,ChildCommentId,ChildCommentTime,ChildCommenterId,ChildVote,ChildVoteTime,ParentCommentId,ParentCommentTime,ParentCommenterId,ParentVote,ParentVoteTime,TraceId,VoterId
1085,100000,1999,1000,109,-1,1002,1998,999,101,1,1001,1,10058
1061,100000,1997,999,104,1,1001,1996,998,108,1,1000,2,10044
1027,100000,1995,998,109,1,1000,1994,997,103,1,999,3,10005
1088,100000,1993,997,100,-1,999,1992,996,106,1,998,4,10091
1026,100000,1991,996,103,1,998,1990,995,108,1,997,5,10000
1002,100000,1989,995,105,1,997,1988,994,106,-1,996,6,10076
1026,100000,1987,994,104,1,996,1986,993,108,1,995,7,10071
1050,100000,1985,993,107,1,995,1984,992,109,-1,994,8,10096
1058,100000,1983,992,107,1,994,1982,991,105,-1,993,9,10078
1061,100000,1981,991,109,1,993,1980,990,100,1,992,10,10051
1011,100000,1979,990,101,-1,992,1978,989,106,-1,991,11,10051
1055,100000,1977,989,101,1,991,1976,988,100,1,990,12,10002
1091,100000,1975,988,106,1,990,1974,987,105,-1,989,13,10001
1096,100000,1973,987,102,1,989,1972,986,100,-1,988,14,10095
1052,100000,1971,986,105,-1,988,1970,985,109,-1,987,15,10001
1067,100000,1969,985,107,-1,987,1968,984,106,1,986,16,10031
1037,100000,1967,984,104,1,986,1966,983,107,-1,985,17,10016
1069,100000,1965,983,100,1,985,1964,982,105,1,984,18,10097
1058,100000,1963,982,102,1,984,1962,981,105,-1,983,19,10072
1058,100000,1961,981,102,-1,983,1960,980,103,1,982,20,10019
1066,100000,1959,980,103,1,982,1958,979,102,1,981,21,10089
1070,100000,1957,979,108,-1,981,1956,978,103,-1,980,22,10095
1039,100000,1955,978,101,1,980,1954,977,106,1,979,23,10032
1010,100000,1953,977,101,1,979,1952,976,108,1,978,24,10000
1030,100000,1951,976,102,-1,978,1950,975,109,-1,977,25,10022
1015,100000,1949,975,108,-1,977,1948,974,109,1,976,26,10006
1001,100000,1947,974,104,-1,976,1946,973,100,1,975,27,10059
1031,100000,1945,973,108,-1,975,1944,972,106,-1,974,28,10036
1018,100000,1943,972,103,-1,974,1942,971,102,1,973,29,10098
1053,100000,1941,971,100,1,973,1940,970,107,1,972,30,10023
1074,100000,1939,970,107,1,972,1938,969,100,1,971,31,10023
1037,100000,1937,969,103,1,971,1936,968,107,-1,970,32,10035
1088,100000,1935,968,108,-1,970,1934,967,102,1,969,33,10098
1017,100000,1933,967,105,-1,969,1932,966,101,-1,968,34,10092
1079,100000,1931,966,103,-1,968,1930,965,108,-1,967,35,10034
1067,100000,1929,965,104,1,967,1928,964,100,-1,966,36,10032
1019,100000,1927,964,106,-1,966,1926,963,107,-1,965,37,10047
1016,100000,1925,963,102,1,965,1924,962,100,1,964,38,10066
1021,100000,1923,962,102,-1,964,1922,961,105,-1,963,39,10085
1007,100000,1921,961,104,-1,963,1920,960,101,1,962,40,10053
1096,100000,1919,960,104,-1,962,1918,959,100,1,961,41,10029
1047,100000,1917,959,103,-1,961,1916,958,102,1,960,42,10060
1063,100000,1915,958,104,1,960,1914,957,100,1,959,43,10034
1098,100000,1913,957,104,1,959,1912,956,108,1,958,44,10005
1092,100000,1911,956,104,-1,958,1910,955,100,1,957,45,10023
1098,100000,1909,955,103,-1,957,1908,954,100,1,956,46,10094
1084,100000,1907,954,100,-1,956,1906,953,106,1,955,47,10062
1017,100000,1905,953,109,1,955,1904,952,108,-1,954,48,10066
1053,100000,1903,952,102,-1,954,1902,951,109,-1,953,49,10094
1023,100000,1901,951,105,-1,953,1900,950,101,1,952,50,10045
1065,100000,1899,950,101,1,952,1898,949,109,-1,951,51,10022
1016,100000,1897,949,100,-1,951,1896,948,107,-1,950,52,10089
1042,100000,1895,948,106,-1,950,1894,947,105,-1,949,53,10008
1041,100000,1893,947,109,1,949,1892,946,106,-1,948,54,10092
1049,100000,1891,946,107,-1,948,1890,945,108,-1,947,55,10098
1059,100000,1889,945,106,-1,947,1888,944,109,1,946,56,10012
1035,100000,1887,944,100,-1,946,1886,943,103,1,945,57,10056
1015,100000,1885,943,106,1,945,1884,942,102,-1,944,58,10007
1091,100000,1883,942,106,1,944,1882,941,101,1,943,59,10014
1085,100000,1881,941,108,1,943,1880,940,102,-1,942,60,10062
1062,100000,1879,940,109,1,942,1878,939,105,-1,941,61,10057
1085,100000,1877,939,103,-1,941,1876,938,100,1,940,62,10057
1069,100000,1875,938,104,1,940,1874,937,105,1,939,63,10041
1007,100000,1873,937,106,-1,939,1872,936,104,-1,938,64,10096
1005,100000,1871,936,102,-1,938,1870,935,103,1,937,65,10067
1039,100000,1869,935,101,-1,937,1868,934,103,-1,936,66,10054
1018,100000,1867,934,107,1,936,1866,933,100,1,935,67,10029
1018,100000,1865,933,106,1,935,1864,932,109,-1,934,68,10062
1089,100000,1863,932,106,1,934,1862,931,104,1,933,69,10089
1011,100000,1861,931,100,1,933,1860,930,104,-1,932,70,10008
1000,100000,1859,930,105,-1,932,1858,929,101,-1,931,71,10057
1088,100000,1857,929,104,1,931,1856,928,107,-1,930,72,10047
1015,100000,1855,928,104,-1,930,1854,927,106,1,929,73,10000
1092,100000,1853,927,102,1,929,1852,926,106,1,928,74,10021
1025,100000,1851,926,104,-1,928,1850,925,102,1,927,75,10075
1056,100000,1849,925,100,1,927,1848,924,104,-1,926,76,10085
1061,100000,1847,924,104,-1,926,1846,923,103,1,925,77,10093
1015,100000,1845,923,104,-1,925,1844,922,109,1,924,78,10075
1099,100000,1843,922,104,1,924,1842,921,100,-1,923,79,10038
1009,100000,1841,921,104,1,923,1840,920,105,1,922,80,10022
1033,100000,1839,920,109,-1,922,1838,919,103,1,921,81,10099
1057,100000,1837,919,107,-1,921,1836,918,100,-1,920,82,10018
1003,100000,1835,918,106,-1,920,1834,917,107,1,919,83,10068
1091,100000,1833,917,107,1,919,1832,916,103,-1,918,84,10001
1049,100000,1831,916,100,-1,918,1830,915,102,1,917,85,10011
1060,100000,1829,915,104,1,917,1828,914,102,-1,916,86,10032
1066,100000,1827,914,107,-1,916,1826,913,100,-1,915,87,10011
1042,100000,1825,913,102,-1,915,1824,912,101,1,914,88,10073
1086,100000,1823,912,109,1,914,1822,911,100,1,913,89,10034
1092,100000,1821,911,101,1,913,1820,910,109,-1,912,90,10007
1067,100000,1819,910,104,-1,912,1818,909,109,1,911,91,10006
1028,100000,1817,909,103,-1,911,1816,908,107,1,910,92,10074
1020,100000,1815,908,103,1,910,1814,907,108,1,909,93,10088
1072,100000,1813,907,102,1,909,1812,906,107,1,908,94,10009
1098,100000,1811,906,101,1,908,1810,905,103,1,907,95,10048
1023,100000,1809,905,104,1,907,1808,904,106,-1,906,96,10095
1054,100000,1807,904,108,1,906,1806,903,106,1,905,97,10011
1029,100000,1805,903,103,-1,905,1804,902,100,-1,904,98,10098
1085,100000,1803,902,100,-1,904,1802,901,102,-1,903,99,10088
1011,100000,1801,901,102,-1,903,1800,900,108,1,902,100,10099
1008,100000,1799,900,103,-1,902,1798,899,106,-1,901,101,10075
1015,100000,1797,899,102,1,901,1796,898,104,1,900,102,10082
1024,100000,1795,898,104,1,900,1794,897,103,1,899,103,10011
1052,100000,1793,897,108,1,899,1792,896,106,1,898,104,10099
1052,100000,1791,896,106,1,898,1790,895,109,-1,897,105,10038
1094,100000,1789,895,104,-1,897,1788,894,109,-1,896,106,10013
1086,100000,1787,894,108,-1,896,1786,893,101,-1,895,107,10034
1057,100000,1785,893,105,1,895,1784,892,100,-1,894,108,10073
1045,100000,1783,892,109,1,894,1782,891,107,1,893,109,10006
1049,100000,1781,891,101,1,893,1780,890,109,-1,892,110,10008
1028,100000,1779,890,105,1,892,1778,889,104,1,891,111,10004
1007,100000,1777,889,105,1,891,1776,888,100,1,890,112,10082
1070,100000,1775,888,103,1,890,1774,887,108,1,889,113,10016
1069,100000,1773,887,105,1,889,1772,886,102,1,888,114,10035
1090,100000,1771,886,102,-1,888,1770,885,109,-1,887,115,10038
1066,100000,1769,885,109,-1,887,1768,884,101,1,886,116,10038
1091,100000,1767,884,108,1,886,1766,883,107,-1,885,117,10019
1000,100000,1765,883,108,1,885,1764,882,102,-1,884,118,10038
1024,100000,1763,882,100,-1,884,1762,881,107,-1,883,119,10062
1005,100000,1761,881,104,-1,883,1760,880,109,-1,882,120,10037
1084,100000,1759,880,103,-1,882,1758,879,104,-1,881,121,10079
1018,100000,1757,879,108,-1,881,1756,878,103,-1,880,122,10098
1046,100000,1755,878,100,-1,880,1754,877,108,1,879,123,10017
1014,100000,1753,877,104,-1,879,1752,876,100,1,878,124,10013
1002,100000,1751,876,108,-1,878,1750,875,106,-1,877,125,10053
1011,100000,1749,875,107,1,877,1748,874,109,1,876,126,10074
1023,100000,1747,874,107,1,876,1746,873,104,-1,875,127,10075
1035,100000,1745,873,107,-1,875,1744,872,109,1,874,128,10091
1059,100000,1743,872,104,-1,874,1742,871,101,-1,873,129,10057
1099,100000,1741,871,100,1,873,1740,870,105,-1,872,130,10040
1032,100000,1739,870,103,-1,872,1738,869,104,-1,871,131,10072
1091,100000,1737,869,105,1,871,1736,868,102,1,870,132,10076
1068,100000,1735,868,101,-1,870,1734,867,108,1,869,133,10081
1055,100000,1733,867,104,-1,869,1732,866,101,-1,868,134,10009
1064,100000,1731,866,100,-1,868,1730,865,101,1,867,135,10032
1084,100000,1729,865,108,1,867,1728,864,109,1,866,136,10010
1058,100000,1727,864,101,1,866,1726,863,100,1,865,137,10085
1000,100000,1725,863,106,-1,865,1724,862,104,1,864,138,10098
1091,100000,1723,862,104,1,864,1722,861,100,-1,863,139,10005
1004,100000,1721,861,102,-1,863,1720,860,105,-1,862,140,10094
1022,100000,1719,860,109,1,862,1718,859,104,-1,861,141,10052
1082,100000,1717,859,104,1,861,1716,858,100,-1,860,142,10073
1072,100000,1715,858,102,1,860,1714,857,100,-1,859,143,10077
1076,100000,1713,857,100,-1,859,1712,856,103,1,858,144,10044
1033,100000,1711,856,106,1,858,1710,855,107,-1,857,145,10031
1033,100000,1709,855,102,1,857,1708,854,105,-1,856,146,10025
1011,100000,1707,854,105,-1,856,1706,853,100,1,855,147,10049
1093,100000,1705,853,100,-1,855,1704,852,108,1,854,148,10004
1022,100000,1703,852,101,-1,854,1702,851,104,1,853,149,10046
1050,100000,1701,851,105,-1,853,1700,850,106,-1,852,150,10074
1097,100000,1699,850,101,-1,852,1698,849,105,-1,851,151,10063
1081,100000,1697,849,101,-1,851,1696,848,102,1,850,152,10097
1037,100000,1695,848,107,1,850,1694,847,100,1,849,153,10051
1029,100000,1693,847,109,-1,849,1692,846,106,-1,848,154,10078
1080,100000,1691,846,103,-1,848,1690,845,104,-1,847,155,10050
1055,100000,1689,845,109,1,847,1688,844,100,1,846,156,10009
1083,100000,1687,844,104,1,846,1686,843,107,-1,845,157,10016
1005,100000,1685,843,101,1,845,1684,842,104,-1,844,158,10033
1042,100000,1683,842,108,-1,844,1682,841,102,1,843,159,10076
1054,100000,1681,841,107,-1,843,1680,840,105,1,842,160,10022
1003,100000,1679,840,108,1,842,1678,839,107,-1,841,161,10003
1095,100000,1677,839,101,-1,841,1676,838,102,1,840,162,10066
1050,100000,1675,838,104,1,840,1674,837,102,1,839,163,10060
1081,100000,1673,837,105,1,839,1672,836,109,1,838,164,10004
1069,100000,1671,836,104,1,838,1670,835,100,-1,837,165,10020
1089,100000,1669,835,100,-1,837,1668,834,101,-1,836,166,10011
1089,100000,1667,834,109,1,836,1666,833,108,1,835,167,10077
1085,100000,1665,833,100,-1,835,1664,832,107,-1,834,168,10046
1035,100000,1663,832,107,1,834,1662,831,100,1,833,169,10025
1051,100000,1661,831,105,1,833,1660,830,107,-1,832,170,10098
1089,100000,1659,830,107,1,832,1658,829,106,-1,831,171,10013
1025,100000,1657,829,102,-1,831,1656,828,107,1,830,172,10001
1002,100000,1655,828,101,-1,830,1654,827,106,-1,829,173,10006
1098,100000,1653,827,108,1,829,1652,826,102,-1,828,174,10037
1073,100000,1651,826,108,1,828,1650,825,106,1,827,175,10027
1085,100000,1649,825,108,1,827,1648,824,109,1,826,176,10016
1012,100000,1647,824,108,1,826,1646,823,103,1,825,177,10016
1009,100000,1645,823,108,1,825,1644,822,102,-1,824,178,10067
1099,100000,1643,822,101,1,824,1642,821,105,-1,823,179,10017
1039,100000,1641,821,102,-1,823,1640,820,100,-1,822,180,10007
1040,100000,1639,820,105,1,822,1638,819,104,1,821,181,10041
1025,100000,1637,819,107,1,821,1636,818,101,-1,820,182,10051
1069,100000,1635,818,108,1,820,1634,817,104,1,819,183,10058
1052,100000,1633,817,104,1,819,1632,816,105,1,818,184,10032
1069,100000,1631,816,103,1,818,1630,815,106,1,817,185,10069
1074,100000,1629,815,106,1,817,1628,814,107,-1,816,186,10093
1002,100000,1627,814,107,1,816,1626,813,102,-1,815,187,10008
1023,100000,1625,813,101,-1,815,1624,812,105,1,814,188,10035
1091,100000,1623,812,105,1,814,1622,811,103,1,813,189,10083
1050,100000,1621,811,101,1,813,1620,810,108,1,812,190,10093
1074,100000,1619,810,109,-1,812,1618,809,107,1,811,191,10078
1044,100000,1617,809,105,-1,811,1616,808,104,-1,810,192,10050
1067,100000,1615,808,103,-1,810,1614,807,102,1,809,193,10025
1019,100000,1613,807,109,-1,809,1612,806,100,1,808,194,10096
1063,100000,1611,806,104,-1,808,1610,805,105,-1,807,195,10013
1099,100000,1609,805,100,-1,807,1608,804,102,1,806,196,10010
1049,100000,1607,804,109,1,806,1606,803,107,-1,805,197,10005
1022,100000,1605,803,101,-1,805,1604,802,109,1,804,198,10004
1039,100000,1603,802,103,-1,804,1602,801,101,-1,803,199,10012
1062,100000,1601,801,108,1,803,1600,800,104,1,802,200,10064
1008,100000,1599,800,105,1,802,1598,799,107,-1,801,201,10016
1093,100000,1597,799,104,1,801,1596,798,100,1,800,202,10034
1059,100000,1595,798,104,1,800,1594,797,101,-1,799,203,10061
1008,100000,1593,797,102,1,799,1592,796,101,-1,798,204,10074
1000,100000,1591,796,105,1,798,1590,795,107,1,797,205,10034
1063,100000,1589,795,108,1,797,1588,794,107,1,796,206,10059
1059,100000,1587,794,104,-1,796,1586,793,102,-1,795,207,10013
1004,100000,1585,793,109,1,795,1584,792,102,1,794,208,10036
1003,100000,1583,792,109,1,794,1582,791,108,1,793,209,10061
1017,100000,1581,791,106,1,793,1580,790,107,-1,792,210,10088
1031,100000,1579,790,105,-1,792,1578,789,102,-1,791,211,10013
1022,100000,1577,789,108,-1,791,1576,788,100,1,790,212,10096
1096,100000,1575,788,101,-1,790,1574,787,106,-1,789,213,10016
1052,100000,1573,787,102,1,789,1572,786,107,-1,788,214,10077
1050,100000,1571,786,102,-1,788,1570,785,105,1,787,215,10038
1050,100000,1569,785,109,1,787,1568,784,107,1,786,216,10006
1014,100000,1567,784,103,-1,786,1566,783,100,1,785,217,10063
1026,100000,1565,783,105,-1,785,1564,782,103,1,784,218,10093
1096,100000,1563,782,106,1,784,1562,781,104,1,783,219,10056
1067,100000,1561,781,101,1,783,1560,780,105,1,782,220,10032
1004,100000,1559,780,100,1,782,1558,779,109,1,781,221,10009
1012,100000,1557,779,107,-1,781,1556,778,103,1,780,222,10037
1055,100000,1555,778,104,1,780,1554,777,107,1,779,223,10051
1046,100000,1553,777,101,-1,779,1552,776,103,1,778,224,10028
1094,100000,1551,776,103,-1,778,1550,775,102,1,777,225,10026
1025,100000,1549,775,103,1,777,1548,774,104,1,776,226,10035
1073,100000,1547,774,105,1,776,1546,773,107,-1,775,227,10010
1071,100000,1545,773,109,1,775,1544,772,106,-1,774,228,10005
1011,100000,1543,772,107,1,774,1542,771,109,-1,773,229,10045
1081,100000,1541,771,100,-1,773,1540,770,108,1,772,230,10061
1042,100000,1539,770,104,-1,772,1538,769,103,1,771,231,10059
1071,100000,1537,769,100,1,771,1536,768,109,1,770,232,10036
1030,100000,1535,768,108,1,770,1534,767,109,1,769,233,10091
1028,100000,1533,767,108,-1,769,1532,766,107,1,768,234,10050
1010,100000,1531,766,100,1,768,1530,765,106,1,767,235,10085
1020,100000,1529,765,103,-1,767,1528,764,109,-1,766,236,10045
1086,100000,1527,764,100,1,766,1526,763,108,-1,765,237,10053
1053,100000,1525,763,102,-1,765,1524,762,106,1,764,238,10062
1014,100000,1523,762,108,1,764,1522,761,104,1,763,239,10039
1008,100000,1521,761,103,-1,763,1520,760,109,1,762,240,10052
1025,100000,1519,760,102,1,762,1518,759,108,1,761,241,10056
1024,100000,1517,759,105,-1,761,1516,758,109,-1,760,242,10062
1006,100000,1515,758,100,1,760,1514,757,101,1,759,243,10001
1058,100000,1513,757,105,-1,759,1512,756,102,-1,758,244,10042
1024,100000,1511,756,103,-1,758,1510,755,106,1,757,245,10023
1087,100000,1509,755,105,1,757,1508,754,100,-1,756,246,10069
1027,100000,1507,754,104,-1,756,1506,753,101,-1,755,247,10025
1070,100000,1505,753,103,1,755,1504,752,100,-1,754,248,10048
1019,100000,1503,752,107,-1,754,1502,751,105,1,753,249,10048
1070,100000,1501,751,106,1,753,1500,750,100,-1,752,250,10048
1055,100000,1499,750,100,1,752,1498,749,102,-1,751,251,10050
1092,100000,1497,749,102,-1,751,1496,748,107,-1,750,252,10044
1000,100000,1495,748,101,1,750,1494,747,102,-1,749,253,10017
1091,100000,1493,747,101,-1,749,1492,746,100,-1,748,254,10065
1037,100000,1491,746,103,1,748,1490,745,102,-1,747,255,10093
1007,100000,1489,745,102,-1,747,1488,744,106,1,746,256,10000
1009,100000,1487,744,102,-1,746,1486,743,109,-1,745,257,10031
1096,100000,1485,743,101,1,745,1484,742,106,-1,744,258,10033
1092,100000,1483,742,100,1,744,1482,741,107,1,743,259,10006
1066,100000,1481,741,106,1,743,1480,740,107,-1,742,260,10056
1071,100000,1479,740,108,1,742,1478,739,105,1,741,261,10058
1050,100000,1477,739,107,1,741,1476,738,100,1,740,262,10066
1034,100000,1475,738,103,-1,740,1474,737,107,1,739,263,10033
1053,100000,1473,737,106,-1,739,1472,736,104,-1,738,264,10036
1081,100000,1471,736,109,1,738,1470,735,106,-1,737,265,10047
1032,100000,1469,735,104,-1,737,1468,734,106,-1,736,266,10006
1018,100000,1467,734,101,-1,736,1466,733,103,1,735,267,10018
1000,100000,1465,733,103,-1,735,1464,732,104,-1,734,268,10001
1001,100000,1463,732,106,1,734,1462,731,102,1,733,269,10010
1019,100000,1461,731,105,1,733,1460,730,104,1,732,270,10011
1008,100000,1459,730,104,-1,732,1458,729,101,1,731,271,10093
1098,100000,1457,729,109,-1,731,1456,728,103,-1,730,272,10043
1023,100000,1455,728,109,-1,730,1454,727,100,1,729,273,10085
1058,100000,1453,727,100,1,729,1452,726,106,1,728,274,10029
1013,100000,1451,726,107,-1,728,1450,725,108,1,727,275,10080
1024,100000,1449,725,108,-1,727,1448,724,106,-1,726,276,10065
1003,100000,1447,724,101,-1,726,1446,723,109,1,725,277,10021
1036,100000,1445,723,101,1,725,1444,722,105,-1,724,278,10086
1041,100000,1443,722,108,-1,724,1442,721,103,-1,723,279,10084
1033,100000,1441,721,104,-1,723,1440,720,100,-1,722,280,10037
1075,100000,1439,720,104,-1,722,1438,719,106,1,721,281,10024
1084,100000,1437,719,105,-1,721,1436,718,108,1,720,282,10085
1039,100000,1435,718,108,1,720,1434,717,101,1,719,283,10090
1070,100000,1433,717,100,1,719,1432,716,109,1,718,284,10052
1084,100000,1431,716,101,-1,718,1430,715,109,1,717,285,10025
1064,100000,1429,715,104,-1,717,1428,714,102,1,716,286,10053
1025,100000,1427,714,107,-1,716,1426,713,104,1,715,287,10035
1035,100000,1425,713,106,1,715,1424,712,100,-1,714,288,10010
1053,100000,1423,712,106,-1,714,1422,711,101,-1,713,289,10098
1021,100000,1421,711,107,1,713,1420,710,104,-1,712,290,10023
1035,100000,1419,710,102,-1,712,1418,709,103,1,711,291,10032
1080,100000,1417,709,108,-1,711,1416,708,101,-1,710,292,10098
1065,100000,1415,708,108,-1,710,1414,707,104,-1,709,293,10025
1039,100000,1413,707,108,-1,709,1412,706,100,1,708,294,10072
1042,100000,1411,706,109,1,708,1410,705,107,1,707,295,10060
1038,100000,1409,705,101,1,707,1408,704,102,-1,706,296,10024
1050,100000,1407,704,101,1,706,1406,703,105,-1,705,297,10043
1018,100000,1405,703,100,-1,705,1404,702,104,1,704,298,10011
1016,100000,1403,702,108,-1,704,1402,701,109,1,703,299,10060
1046,100000,1401,701,102,1,703,1400,700,107,1,702,300,10054
1094,100000,1399,700,100,-1,702,1398,699,104,-1,701,301,10007
1079,100000,1397,699,107,-1,701,1396,698,105,-1,700,302,10086
1081,100000,1395,698,109,-1,700,1394,697,108,-1,699,303,10024
1046,100000,1393,697,106,-1,699,1392,696,109,1,698,304,10025
1022,100000,1391,696,104,1,698,1390,695,109,1,697,305,10016
1006,100000,1389,695,106,1,697,1388,694,104,-1,696,306,10085
1047,100000,1387,694,101,1,696,1386,693,107,1,695,307,10008
1086,100000,1385,693,103,1,695,1384,692,101,1,694,308,10058
1098,100000,1383,692,109,-1,694,1382,691,101,1,693,309,10038
1013,100000,1381,691,102,1,693,1380,690,107,-1,692,310,10016
1044,100000,1379,690,102,-1,692,1378,689,101,1,691,311,10059
1042,100000,1377,689,109,1,691,1376,688,107,1,690,312,10036
1086,100000,1375,688,107,1,690,1374,687,106,-1,689,313,10054
1092,100000,1373,687,108,1,689,1372,686,105,1,688,314,10003
1081,100000,1371,686,109,1,688,1370,685,100,1,687,315,10012
1054,100000,1369,685,109,1,687,1368,684,102,1,686,316,10065
1029,100000,1367,684,101,1,686,1366,683,106,-1,685,317,10033
1095,100000,1365,683,106,1,685,1364,682,102,-1,684,318,10031
1028,100000,1363,682,104,-1,684,1362,681,100,1,683,319,10045
1015,100000,1361,681,108,1,683,1360,680,107,-1,682,320,10056
1029,100000,1359,680,106,-1,682,1358,679,108,-1,681,321,10009
1004,100000,1357,679,102,-1,681,1356,678,100,-1,680,322,10083
1013,100000,1355,678,101,-1,680,1354,677,107,-1,679,323,10044
1017,100000,1353,677,108,1,679,1352,676,104,1,678,324,10067
1064,100000,1351,676,108,1,678,1350,675,104,1,677,325,10047
1048,100000,1349,675,107,1,677,1348,674,108,-1,676,326,10014
1011,100000,1347,674,104,1,676,1346,673,109,-1,675,327,10067
1042,100000,1345,673,106,-1,675,1344,672,105,1,674,328,10060
1062,100000,1343,672,101,1,674,1342,671,107,-1,673,329,10055
1070,100000,1341,671,107,1,673,1340,670,103,-1,672,330,10024
1092,100000,1339,670,104,1,672,1338,669,105,1,671,331,10019
1097,100000,1337,669,109,-1,671,1336,668,108,1,670,332,10073
1002,100000,1335,668,105,-1,670,1334,667,107,1,669,333,10040
1004,100000,1333,667,106,1,669,1332,666,105,1,668,334,10004
1008,100000,1331,666,103,1,668,1330,665,102,-1,667,335,10048
1034,100000,1329,665,100,1,667,1328,664,101,-1,666,336,10060
1002,100000,1327,664,105,-1,666,1326,663,102,-1,665,337,10087
1088,100000,1325,663,103,-1,665,1324,662,108,-1,664,338,10012
1097,100000,1323,662,107,1,664,1322,661,108,-1,663,339,10013
1091,100000,1321,661,102,1,663,1320,660,108,-1,662,340,10066
1097,100000,1319,660,108,-1,662,1318,659,109,-1,661,341,10024
1039,100000,1317,659,104,-1,661,1316,658,108,-1,660,342,10078
1058,100000,1315,658,107,-1,660,1314,657,101,-1,659,343,10010
1037,100000,1313,657,104,-1,659,1312,656,107,1,658,344,10078
1089,100000,1311,656,105,1,658,1310,655,101,-1,657,345,10047
1059,100000,1309,655,100,1,657,1308,654,104,-1,656,346,10036
1044,100000,1307,654,109,1,656,1306,653,102,1,655,347,10039
1055,100000,1305,653,101,-1,655,1304,652,107,1,654,348,10066
1090,100000,1303,652,105,1,654,1302,651,100,-1,653,349,10039
1018,100000,1301,651,100,1,653,1300,650,107,1,652,350,10087
1058,100000,1299,650,104,1,652,1298,649,108,1,651,351,10058
1099,100000,1297,649,106,-1,651,1296,648,105,1,650,352,10041
1044,100000,1295,648,108,1,650,1294,647,109,1,649,353,10004
1022,100000,1293,647,104,1,649,1292,646,109,1,648,354,10030
1038,100000,1291,646,103,-1,648,1290,645,101,1,647,355,10029
1077,100000,1289,645,101,1,647,1288,644,106,1,646,356,10001
1012,100000,1287,644,108,-1,646,1286,643,100,-1,645,357,10095
1094,100000,1285,643,107,-1,645,1284,642,101,-1,644,358,10016
1069,100000,1283,642,106,-1,644,1282,641,102,1,643,359,10034
1095,100000,1281,641,104,1,643,1280,640,101,1,642,360,10073
1021,100000,1279,640,101,-1,642,1278,639,103,-1,641,361,10092
1090,100000,1277,639,105,1,641,1276,638,100,-1,640,362,10067
1009,100000,1275,638,100,-1,640,1274,637,105,1,639,363,10016
1089,100000,1273,637,101,-1,639,1272,636,107,-1,638,364,10021
1013,100000,1271,636,102,1,638,1270,635,103,-1,637,365,10049
1075,100000,1269,635,100,1,637,1268,634,106,-1,636,366,10051
1078,100000,1267,634,109,1,636,1266,633,102,1,635,367,10005
1025,100000,1265,633,103,1,635,1264,632,101,1,634,368,10086
1098,100000,1263,632,106,1,634,1262,631,108,1,633,369,10080
1028,100000,1261,631,101,1,633,1260,630,103,-1,632,370,10014
1077,100000,1259,630,105,1,632,1258,629,103,1,631,371,10046
1026,100000,1257,629,100,1,631,1256,628,102,1,630,372,10074
1091,100000,1255,628,103,1,630,1254,627,104,1,629,373,10055
1018,100000,1253,627,104,1,629,1252,626,108,1,628,374,10005
1000,100000,1251,626,105,-1,628,1250,625,109,1,627,375,10002
1033,100000,1249,625,100,1,627,1248,624,102,-1,626,376,10014
1023,100000,1247,624,107,1,626,1246,623,101,1,625,377,10024
1045,100000,1245,623,100,1,625,1244,622,108,1,624,378,10059
1052,100000,1243,622,101,-1,624,1242,621,107,1,623,379,10092
1002,100000,1241,621,107,1,623,1240,620,104,-1,622,380,10070
1002,100000,1239,620,108,1,622,1238,619,103,1,621,381,10059
1077,100000,1237,619,100,-1,621,1236,618,106,1,620,382,10093
1099,100000,1235,618,105,1,620,1234,617,108,1,619,383,10083
1059,100000,1233,617,104,1,619,1232,616,105,1,618,384,10047
1087,100000,1231,616,100,1,618,1230,615,107,1,617,385,10001
1020,100000,1229,615,105,1,617,1228,614,101,-1,616,386,10071
1010,100000,1227,614,100,1,616,1226,613,108,1,615,387,10031
1007,100000,1225,613,102,-1,615,1224,612,105,-1,614,388,10040
1040,100000,1223,612,108,-1,614,1222,611,100,1,613,389,10087
1031,100000,1221,611,103,-1,613,1220,610,105,-1,612,390,10045
1073,100000,1219,610,101,1,612,1218,609,107,-1,611,391,10032
1001,100000,1217,609,108,-1,611,1216,608,100,1,610,392,10096
1029,100000,1215,608,103,-1,610,1214,607,100,-1,609,393,10076
1021,100000,1213,607,101,-1,609,1212,606,106,-1,608,394,10025
1089,100000,1211,606,101,1,608,1210,605,109,-1,607,395,10037
1097,100000,1209,605,106,1,607,1208,604,109,-1,606,396,10014
1048,100000,1207,604,102,-1,606,1206,603,107,1,605,397,10043
1008,100000,1205,603,108,1,605,1204,602,105,1,604,398,10005
1031,100000,1203,602,101,1,604,1202,601,108,-1,603,399,10094
1007,100000,1201,601,101,-1,603,1200,600,107,1,602,400,10075
1061,100000,1199,600,106,1,602,1198,599,103,1,601,401,10091
1083,100000,1197,599,105,-1,601,1196,598,103,-1,600,402,10074
1021,100000,1195,598,102,1,600,1194,597,109,1,599,403,10057
1059,100000,1193,597,101,1,599,1192,596,109,-1,598,404,10040
1086,100000,1191,596,102,1,598,1190,595,108,1,597,405,10011
1054,100000,1189,595,107,-1,597,1188,594,103,1,596,406,10018
1052,100000,1187,594,102,1,596,1186,593,106,-1,595,407,10092
1081,100000,1185,593,101,1,595,1184,592,105,-1,594,408,10043
1021,100000,1183,592,107,1,594,1182,591,104,1,593,409,10082
1002,100000,1181,591,102,-1,593,1180,590,109,-1,592,410,10058
1060,100000,1179,590,100,1,592,1178,589,105,1,591,411,10034
1075,100000,1177,589,104,-1,591,1176,588,100,1,590,412,10006
1057,100000,1175,588,103,1,590,1174,587,107,-1,589,413,10030
1003,100000,1173,587,107,1,589,1172,586,103,-1,588,414,10036
1048,100000,1171,586,108,-1,588,1170,585,102,1,587,415,10049
1097,100000,1169,585,101,-1,587,1168,584,103,1,586,416,10035
1033,100000,1167,584,105,-1,586,1166,583,103,-1,585,417,10078
1041,100000,1165,583,109,-1,585,1164,582,102,-1,584,418,10038
1002,100000,1163,582,107,-1,584,1162,581,101,-1,583,419,10011
1014,100000,1161,581,102,1,583,1160,580,100,-1,582,420,10020
1007,100000,1159,580,106,-1,582,1158,579,103,-1,581,421,10025
1043,100000,1157,579,106,-1,581,1156,578,101,-1,580,422,10041
1068,100000,1155,578,108,-1,580,1154,577,105,-1,579,423,10036
1059,100000,1153,577,106,-1,579,1152,576,107,-1,578,424,10061
1083,100000,1151,576,106,1,578,1150,575,101,1,577,425,10088
1016,100000,1149,575,101,-1,577,1148,574,108,1,576,426,10069
1004,100000,1147,574,107,1,576,1146,573,100,1,575,427,10034
1055,100000,1145,573,106,-1,575,1144,572,103,-1,574,428,10075
1030,100000,1143,572,102,-1,574,1142,571,109,1,573,429,10046
1079,100000,1141,571,108,-1,573,1140,570,109,-1,572,430,10013
1004,100000,1139,570,107,-1,572,1138,569,103,1,571,431,10000
1075,100000,1137,569,108,-1,571,1136,568,100,1,570,432,10042
1083,100000,1135,568,104,-1,570,1134,567,108,-1,569,433,10063
1075,100000,1133,567,100,-1,569,1132,566,104,1,568,434,10046
1055,100000,1131,566,103,-1,568,1130,565,105,-1,567,435,10043
1001,100000,1129,565,104,1,567,1128,564,108,1,566,436,10077
1025,100000,1127,564,106,1,566,1126,563,100,-1,565,437,10019
1069,100000,1125,563,100,1,565,1124,562,104,1,564,438,10034
1077,100000,1123,562,103,-1,564,1122,561,109,-1,563,439,10050
1087,100000,1121,561,108,-1,563,1120,560,101,1,562,440,10052
1028,100000,1119,560,106,-1,562,1118,559,108,-1,561,441,10049
1055,100000,1117,559,106,-1,561,1116,558,101,1,560,442,10094
1037,100000,1115,558,106,-1,560,1114,557,103,-1,559,443,10043
1051,100000,1113,557,109,1,559,1112,556,101,-1,558,444,10044
1084,100000,1111,556,106,1,558,1110,555,100,-1,557,445,10007
1028,100000,1109,555,104,-1,557,1108,554,105,-1,556,446,10007
1046,100000,1107,554,100,1,556,1106,553,101,1,555,447,10085
1089,100000,1105,553,101,-1,555,1104,552,109,1,554,448,10054
1016,100000,1103,552,107,-1,554,1102,551,109,1,553,449,10081
1075,100000,1101,551,108,1,553,1100,550,107,-1,552,450,10046
1067,100000,1099,550,102,-1,552,1098,549,100,1,551,451,10045
1079,100000,1097,549,108,1,551,1096,548,104,1,550,452,10030
1061,100000,1095,548,105,1,550,1094,547,101,-1,549,453,10089
1072,100000,1093,547,108,1,549,1092,546,100,-1,548,454,10062
1047,100000,1091,546,104,-1,548,1090,545,108,1,547,455,10088
1030,100000,1089,545,103,-1,547,1088,544,108,-1,546,456,10076
1003,100000,1087,544,102,1,546,1086,543,105,1,545,457,10097
1097,100000,1085,543,108,1,545,1084,542,101,-1,544,458,10069
1082,100000,1083,542,107,-1,544,1082,541,100,-1,543,459,10022
1070,100000,1081,541,104,-1,543,1080,540,108,-1,542,460,10053
1064,100000,1079,540,106,1,542,1078,539,109,-1,541,461,10014
1020,100000,1077,539,108,-1,541,1076,538,102,-1,540,462,10014
1048,100000,1075,538,102,-1,540,1074,537,100,-1,539,463,10032
1089,100000,1073,537,107,1,539,1072,536,102,-1,538,464,10043
1073,100000,1071,536,108,1,538,1070,535,101,-1,537,465,10077
1084,100000,1069,535,107,1,537,1068,534,109,1,536,466,10002
1065,100000,1067,534,104,1,536,1066,533,105,1,535,467,10047
1025,100000,1065,533,104,-1,535,1064,532,108,-1,534,468,10092
1047,100000,1063,532,103,-1,534,1062,531,104,1,533,469,10097
1042,100000,1061,531,105,-1,533,1060,530,106,1,532,470,10014
1042,100000,1059,530,106,-1,532,1058,529,104,-1,531,471,10045
1046,100000,1057,529,108,-1,531,1056,528,104,-1,530,472,10079
1074,100000,1055,528,103,1,530,1054,527,102,1,529,473,10035
1012,100000,1053,527,102,1,529,1052,526,105,1,528,474,10020
1077,100000,1051,526,104,-1,528,1050,525,103,-1,527,475,10033
1026,100000,1049,525,107,1,527,1048,524,102,1,526,476,10051
1035,100000,1047,524,100,1,526,1046,523,101,-1,525,477,10015
1003,100000,1045,523,108,-1,525,1044,522,109,1,524,478,10076
1074,100000,1043,522,109,-1,524,1042,521,106,1,523,479,10093
1012,100000,1041,521,107,-1,523,1040,520,106,1,522,480,10038
1060,100000,1039,520,107,1,522,1038,519,109,1,521,481,10041
1083,100000,1037,519,105,1,521,1036,518,103,1,520,482,10035
1053,100000,1035,518,107,1,520,1034,517,100,1,519,483,10006
1046,100000,1033,517,105,1,519,1032,516,106,1,518,484,10044
1085,100000,1031,516,109,1,518,1030,515,108,1,517,485,10020
1014,100000,1029,515,107,1,517,1028,514,109,-1,516,486,10008
1071,100000,1027,514,100,1,516,1026,513,107,1,515,487,10041
1090,100000,1025,513,103,-1,515,1024,512,104,-1,514,488,10025
1023,100000,1023,512,103,-1,514,1022,511,102,1,513,489,10049
1038,100000,1021,511,108,1,513,1020,510,109,-1,512,490,10059
1018,100000,1019,510,109,-1,512,1018,509,103,1,511,491,10017
1054,100000,1017,509,104,-1,511,1016,508,101,1,510,492,10096
1048,100000,1015,508,101,-1,510,1014,507,102,-1,509,493,10046
1020,100000,1013,507,105,1,509,1012,506,100,-1,508,494,10032
1036,100000,1011,506,106,-1,508,1010,505,102,1,507,495,10047
1010,100000,1009,505,108,1,507,1008,504,109,-1,506,496,10031
1076,100000,1007,504,101,-1,506,1006,503,108,1,505,497,10077
1034,100000,1005,503,104,-1,505,1004,502,106,-1,504,498,10063
1066,100000,1003,502,105,-1,504,1002,501,109,-1,503,499,10017
1040,100000,1001,501,106,1,503,1000,500,100,-1,502,500,10038
1059,100000,999,500,103,-1,502,998,499,102,-1,501,501,10023
1041,100000,997,499,103,1,501,996,498,106,1,500,502,10089
1035,100000,995,498,108,-1,500,994,497,102,-1,499,503,10096
1096,100000,993,497,108,1,499,992,496,105,-1,498,504,10007
1012,100000,991,496,101,1,498,990,495,100,-1,497,505,10067
1004,100000,989,495,107,1,497,988,494,104,-1,496,506,10059
1049,100000,987,494,105,1,496,986,493,102,1,495,507,10071
1057,100000,985,493,105,-1,495,984,492,102,-1,494,508,10043
1001,100000,983,492,101,-1,494,982,491,106,1,493,509,10069
1034,100000,981,491,106,1,493,980,490,101,-1,492,510,10080
1007,100000,979,490,109,-1,492,978,489,105,-1,491,511,10029
1068,100000,977,489,106,1,491,976,488,108,1,490,512,10035
1061,100000,975,488,106,1,490,974,487,108,-1,489,513,10079
1011,100000,973,487,107,1,489,972,486,100,1,488,514,10015
1002,100000,971,486,102,-1,488,970,485,106,1,487,515,10083
1083,100000,969,485,100,-1,487,968,484,107,-1,486,516,10004
1020,100000,967,484,105,-1,486,966,483,103,-1,485,517,10029
1081,100000,965,483,106,1,485,964,482,107,-1,484,518,10021
1032,100000,963,482,105,-1,484,962,481,104,-1,483,519,10031
1013,100000,961,481,100,1,483,960,480,103,-1,482,520,10097
1065,100000,959,480,104,1,482,958,479,108,1,481,521,10022
1090,100000,957,479,100,1,481,956,478,108,-1,480,522,10001
1066,100000,955,478,106,-1,480,954,477,103,-1,479,523,10074
1067,100000,953,477,106,-1,479,952,476,101,-1,478,524,10025
1034,100000,951,476,104,1,478,950,475,105,1,477,525,10005
1048,100000,949,475,105,1,477,948,474,109,1,476,526,10011
1044,100000,947,474,107,-1,476,946,473,102,1,475,527,10081
1077,100000,945,473,102,-1,475,944,472,105,-1,474,528,10029
1006,100000,943,472,108,-1,474,942,471,103,-1,473,529,10079
1020,100000,941,471,101,1,473,940,470,102,-1,472,530,10014
1001,100000,939,470,101,1,472,938,469,102,-1,471,531,10090
1019,100000,937,469,109,1,471,936,468,101,-1,470,532,10077
1065,100000,935,468,105,-1,470,934,467,108,-1,469,533,10024
1035,100000,933,467,105,1,469,932,466,100,-1,468,534,10032
1002,100000,931,466,108,-1,468,930,465,102,1,467,535,10051
1024,100000,929,465,101,-1,467,928,464,104,1,466,536,10005
1020,100000,927,464,103,1,466,926,463,101,1,465,537,10007
1078,100000,925,463,101,1,465,924,462,103,-1,464,538,10024
1059,100000,923,462,101,-1,464,922,461,105,-1,463,539,10092
1022,100000,921,461,104,-1,463,920,460,102,-1,462,540,10059
1033,100000,919,460,108,-1,462,918,459,109,1,461,541,10082
1010,100000,917,459,107,1,461,916,458,101,1,460,542,10001
1072,100000,915,458,102,-1,460,914,457,106,-1,459,543,10078
1098,100000,913,457,108,-1,459,912,456,104,-1,458,544,10008
1061,100000,911,456,106,1,458,910,455,102,-1,457,545,10027
1015,100000,909,455,103,-1,457,908,454,100,1,456,546,10079
1039,100000,907,454,104,1,456,906,453,100,-1,455,547,10003
1092,100000,905,453,105,1,455,904,452,103,-1,454,548,10051
1062,100000,903,452,103,-1,454,902,451,104,-1,453,549,10049
1061,100000,901,451,106,1,453,900,450,102,-1,452,550,10062
1091,100000,899,450,106,-1,452,898,449,105,-1,451,551,10026
1004,100000,897,449,101,1,451,896,448,106,1,450,552,10085
1090,100000,895,448,105,1,450,894,447,104,1,449,553,10061
1020,100000,893,447,106,-1,449,892,446,109,-1,448,554,10078
1038,100000,891,446,100,1,448,890,445,104,-1,447,555,10057
1084,100000,889,445,101,-1,447,888,444,109,1,446,556,10012
1052,100000,887,444,104,1,446,886,443,101,-1,445,557,10084
1031,100000,885,443,100,-1,445,884,442,103,1,444,558,10044
1059,100000,883,442,103,-1,444,882,441,104,1,443,559,10098
1025,100000,881,441,101,-1,443,880,440,103,-1,442,560,10054
1081,100000,879,440,102,1,442,878,439,107,1,441,561,10051
1051,100000,877,439,109,1,441,876,438,105,-1,440,562,10092
1041,100000,875,438,108,1,440,874,437,100,-1,439,563,10020
1016,100000,873,437,108,-1,439,872,436,107,1,438,564,10063
1000,100000,871,436,100,1,438,870,435,101,1,437,565,10040
1057,100000,869,435,104,-1,437,868,434,107,1,436,566,10009
1074,100000,867,434,101,-1,436,866,433,106,1,435,567,10027
1058,100000,865,433,107,-1,435,864,432,105,-1,434,568,10007
1078,100000,863,432,106,1,434,862,431,100,-1,433,569,10048
1044,100000,861,431,104,-1,433,860,430,102,-1,432,570,10087
1043,100000,859,430,106,1,432,858,429,100,1,431,571,10031
1076,100000,857,429,108,1,431,856,428,107,-1,430,572,10007
1042,100000,855,428,102,-1,430,854,427,100,-1,429,573,10086
1098,100000,853,427,100,1,429,852,426,107,1,428,574,10023
1019,100000,851,426,107,-1,428,850,425,104,1,427,575,10004
1030,100000,849,425,102,1,427,848,424,103,-1,426,576,10057
1027,100000,847,424,109,1,426,846,423,102,1,425,577,10006
1004,100000,845,423,107,-1,425,844,422,105,1,424,578,10004
1009,100000,843,422,100,1,424,842,421,105,-1,423,579,10063
1007,100000,841,421,108,-1,423,840,420,107,1,422,580,10094
1065,100000,839,420,102,1,422,838,419,101,1,421,581,10072
1035,100000,837,419,108,1,421,836,418,103,1,420,582,10048
1088,100000,835,418,106,1,420,834,417,109,-1,419,583,10040
1009,100000,833,417,103,1,419,832,416,104,1,418,584,10061
1090,100000,831,416,101,-1,418,830,415,107,-1,417,585,10011
1052,100000,829,415,109,1,417,828,414,101,-1,416,586,10012
1016,100000,827,414,101,1,416,826,413,107,1,415,587,10014
1072,100000,825,413,107,1,415,824,412,108,-1,414,588,10054
1077,100000,823,412,108,1,414,822,411,109,-1,413,589,10058
1029,100000,821,411,104,1,413,820,410,103,1,412,590,10021
1031,100000,819,410,100,1,412,818,409,102,-1,411,591,10043
1098,100000,817,409,106,1,411,816,408,109,1,410,592,10020
1011,100000,815,408,101,1,410,814,407,108,1,409,593,10038
1012,100000,813,407,107,-1,409,812,406,104,1,408,594,10020
1006,100000,811,406,105,-1,408,810,405,106,-1,407,595,10045
1088,100000,809,405,101,-1,407,808,404,105,1,406,596,10021
1028,100000,807,404,103,-1,406,806,403,104,-1,405,597,10001
1049,100000,805,403,106,-1,405,804,402,102,1,404,598,10026
1043,100000,803,402,104,-1,404,802,401,105,-1,403,599,10087
1096,100000,801,401,102,1,403,800,400,107,1,402,600,10060
1018,100000,799,400,108,1,402,798,399,106,1,401,601,10062
1057,100000,797,399,100,-1,401,796,398,107,-1,400,602,10007
1002,100000,795,398,103,1,400,794,397,100,-1,399,603,10004
1095,100000,793,397,101,-1,399,792,396,109,1,398,604,10098
1009,100000,791,396,106,1,398,790,395,104,-1,397,605,10088
1026,100000,789,395,108,1,397,788,394,101,1,396,606,10090
1008,100000,787,394,105,-1,396,786,393,103,-1,395,607,10012
1057,100000,785,393,100,-1,395,784,392,105,1,394,608,10089
1013,100000,783,392,101,-1,394,782,391,108,1,393,609,10077
1019,100000,781,391,106,-1,393,780,390,102,1,392,610,10052
1055,100000,779,390,104,1,392,778,389,102,1,391,611,10069
1003,100000,777,389,109,1,391,776,388,103,-1,390,612,10057
1098,100000,775,388,104,-1,390,774,387,109,-1,389,613,10023
1053,100000,773,387,106,-1,389,772,386,107,1,388,614,10084
1073,100000,771,386,103,1,388,770,385,105,1,387,615,10020
1056,100000,769,385,100,1,387,768,384,103,1,386,616,10059
1003,100000,767,384,107,1,386,766,383,102,-1,385,617,10070
1057,100000,765,383,103,-1,385,764,382,106,1,384,618,10079
1023,100000,763,382,102,1,384,762,381,101,-1,383,619,10003
1059,100000,761,381,100,-1,383,760,380,102,1,382,620,10030
1082,100000,759,380,107,-1,382,758,379,105,-1,381,621,10062
1029,100000,757,379,105,-1,381,756,378,109,1,380,622,10075
1099,100000,755,378,103,1,380,754,377,102,1,379,623,10030
1054,100000,753,377,106,1,379,752,376,100,-1,378,624,10093
1017,100000,751,376,100,1,378,750,375,103,-1,377,625,10096
1046,100000,749,375,105,1,377,748,374,108,1,376,626,10091
1032,100000,747,374,105,1,376,746,373,100,-1,375,627,10044
1019,100000,745,373,106,-1,375,744,372,105,1,374,628,10003
1089,100000,743,372,108,-1,374,742,371,104,-1,373,629,10008
1009,100000,741,371,102,1,373,740,370,101,-1,372,630,10060
1093,100000,739,370,100,-1,372,738,369,105,1,371,631,10076
1018,100000,737,369,102,-1,371,736,368,109,-1,370,632,10050
1025,100000,735,368,104,-1,370,734,367,102,-1,369,633,10045
1063,100000,733,367,103,-1,369,732,366,104,-1,368,634,10092
1020,100000,731,366,104,1,368,730,365,109,-1,367,635,10048
1069,100000,729,365,103,1,367,728,364,109,-1,366,636,10099
1034,100000,727,364,107,-1,366,726,363,100,-1,365,637,10038
1099,100000,725,363,108,1,365,724,362,105,1,364,638,10056
1045,100000,723,362,103,-1,364,722,361,108,-1,363,639,10053
1088,100000,721,361,104,-1,363,720,360,103,-1,362,640,10023
1023,100000,719,360,105,-1,362,718,359,109,-1,361,641,10029
1006,100000,717,359,106,1,361,716,358,102,1,360,642,10091
1013,100000,715,358,109,1,360,714,357,107,-1,359,643,10091
1015,100000,713,357,109,-1,359,712,356,105,-1,358,644,10079
1076,100000,711,356,108,1,358,710,355,105,-1,357,645,10088
1099,100000,709,355,103,1,357,708,354,107,-1,356,646,10044
1056,100000,707,354,103,1,356,706,353,104,1,355,647,10081
1032,100000,705,353,105,-1,355,704,352,106,-1,354,648,10049
1081,100000,703,352,103,-1,354,702,351,107,1,353,649,10014
1014,100000,701,351,104,-1,353,700,350,106,-1,352,650,10087
1025,100000,699,350,108,-1,352,698,349,107,1,351,651,10041
1057,100000,697,349,101,-1,351,696,348,104,-1,350,652,10036
1002,100000,695,348,109,-1,350,694,347,106,-1,349,653,10068
1087,100000,693,347,102,1,349,692,346,100,1,348,654,10036
1084,100000,691,346,100,-1,348,690,345,108,1,347,655,10088
1067,100000,689,345,108,-1,347,688,344,109,1,346,656,10049
1085,100000,687,344,100,1,346,686,343,106,-1,345,657,10070
1023,100000,685,343,109,1,345,684,342,101,-1,344,658,10080
1040,100000,683,342,105,-1,344,682,341,106,1,343,659,10042
1016,100000,681,341,105,1,343,680,340,101,1,342,660,10048
1097,100000,679,340,109,1,342,678,339,100,-1,341,661,10069
1004,100000,677,339,105,1,341,676,338,101,-1,340,662,10084
1065,100000,675,338,101,-1,340,674,337,109,1,339,663,10056
1050,100000,673,337,105,-1,339,672,336,106,-1,338,664,10015
1087,100000,671,336,105,-1,338,670,335,107,1,337,665,10075
1058,100000,669,335,102,-1,337,668,334,109,-1,336,666,10059
1062,100000,667,334,106,-1,336,666,333,100,1,335,667,10063
1019,100000,665,333,103,1,335,664,332,109,1,334,668,10020
1014,100000,663,332,104,-1,334,662,331,107,-1,333,669,10085
1085,100000,661,331,108,-1,333,660,330,103,-1,332,670,10078
1057,100000,659,330,100,-1,332,658,329,109,1,331,671,10039
1065,100000,657,329,107,-1,331,656,328,108,1,330,672,10062
1071,100000,655,328,109,1,330,654,327,100,1,329,673,10002
1005,100000,653,327,103,-1,329,652,326,106,-1,328,674,10098
1088,100000,651,326,102,-1,328,650,325,101,1,327,675,10022
1050,100000,649,325,109,-1,327,648,324,107,1,326,676,10068
1023,100000,647,324,103,1,326,646,323,108,1,325,677,10007
1071,100000,645,323,108,-1,325,644,322,106,-1,324,678,10084
1014,100000,643,322,101,-1,324,642,321,107,-1,323,679,10046
1059,100000,641,321,105,1,323,640,320,103,-1,322,680,10041
1001,100000,639,320,102,1,322,638,319,106,1,321,681,10011
1026,100000,637,319,107,1,321,636,318,101,1,320,682,10002
1091,100000,635,318,106,1,320,634,317,100,-1,319,683,10032
1031,100000,633,317,103,1,319,632,316,104,-1,318,684,10007
1069,100000,631,316,102,-1,318,630,315,105,-1,317,685,10093
1008,100000,629,315,100,1,317,628,314,106,1,316,686,10031
1020,100000,627,314,103,1,316,626,313,101,1,315,687,10062
1094,100000,625,313,104,1,315,624,312,106,1,314,688,10027
1002,100000,623,312,103,-1,314,622,311,100,1,313,689,10024
1019,100000,621,311,109,-1,313,620,310,101,1,312,690,10024
1098,100000,619,310,103,1,312,618,309,108,1,311,691,10004
1005,100000,617,309,108,-1,311,616,308,102,1,310,692,10049
1065,100000,615,308,104,1,310,614,307,108,1,309,693,10010
1097,100000,613,307,102,-1,309,612,306,105,-1,308,694,10087
1091,100000,611,306,104,-1,308,610,305,109,1,307,695,10075
1089,100000,609,305,104,1,307,608,304,100,-1,306,696,10027
1051,100000,607,304,108,-1,306,606,303,101,-1,305,697,10034
1046,100000,605,303,109,-1,305,604,302,101,1,304,698,10050
1056,100000,603,302,105,-1,304,602,301,106,-1,303,699,10074
1068,100000,601,301,100,-1,303,600,300,102,1,302,700,10016
1015,100000,599,300,102,-1,302,598,299,101,1,301,701,10083
1027,100000,597,299,105,1,301,596,298,106,-1,300,702,10039
1019,100000,595,298,107,1,300,594,297,100,1,299,703,10072
1062,100000,593,297,103,1,299,592,296,102,-1,298,704,10086
1024,100000,591,296,104,-1,298,590,295,105,-1,297,705,10057
1056,100000,589,295,103,-1,297,588,294,104,1,296,706,10098
1099,100000,587,294,106,-1,296,586,293,100,1,295,707,10013
1098,100000,585,293,102,-1,295,584,292,101,1,294,708,10008
1005,100000,583,292,101,1,294,582,291,106,-1,293,709,10096
1037,100000,581,291,104,-1,293,580,290,103,-1,292,710,10045
1061,100000,579,290,103,1,292,578,289,102,1,291,711,10071
1039,100000,577,289,109,-1,291,576,288,107,1,290,712,10024
1021,100000,575,288,102,-1,290,574,287,108,1,289,713,10086
1002,100000,573,287,102,-1,289,572,286,109,-1,288,714,10050
1027,100000,571,286,106,-1,288,570,285,103,-1,287,715,10072
1062,100000,569,285,106,1,287,568,284,108,1,286,716,10077
1046,100000,567,284,107,-1,286,566,283,103,1,285,717,10018
1052,100000,565,283,107,-1,285,564,282,103,1,284,718,10037
1029,100000,563,282,100,-1,284,562,281,108,1,283,719,10080
1088,100000,561,281,102,1,283,560,280,104,1,282,720,10051
1077,100000,559,280,103,1,282,558,279,108,1,281,721,10058
1091,100000,557,279,101,1,281,556,278,107,-1,280,722,10067
1040,100000,555,278,106,1,280,554,277,107,-1,279,723,10085
1092,100000,553,277,102,1,279,552,276,100,1,278,724,10015
1063,100000,551,276,104,1,278,550,275,101,-1,277,725,10010
1068,100000,549,275,104,1,277,548,274,103,1,276,726,10020
1043,100000,547,274,104,1,276,546,273,100,1,275,727,10066
1060,100000,545,273,103,-1,275,544,272,108,-1,274,728,10072
1080,100000,543,272,107,1,274,542,271,101,-1,273,729,10034
1064,100000,541,271,106,-1,273,540,270,107,1,272,730,10095
1039,100000,539,270,108,1,272,538,269,105,1,271,731,10046
1025,100000,537,269,105,1,271,536,268,103,1,270,732,10018
1050,100000,535,268,103,1,270,534,267,105,1,269,733,10020
1050,100000,533,267,106,-1,269,532,266,103,1,268,734,10028
1091,100000,531,266,105,-1,268,530,265,103,-1,267,735,10070
1044,100000,529,265,105,-1,267,528,264,102,1,266,736,10075
1087,100000,527,264,106,-1,266,526,263,101,-1,265,737,10065
1071,100000,525,263,105,-1,265,524,262,106,1,264,738,10000
1085,100000,523,262,101,-1,264,522,261,108,1,263,739,10005
1060,100000,521,261,109,1,263,520,260,105,1,262,740,10016
1007,100000,519,260,109,1,262,518,259,102,1,261,741,10026
1056,100000,517,259,102,1,261,516,258,100,-1,260,742,10064
1013,100000,515,258,103,1,260,514,257,102,1,259,743,10039
1048,100000,513,257,100,-1,259,512,256,105,1,258,744,10055
1061,100000,511,256,103,-1,258,510,255,107,1,257,745,10045
1089,100000,509,255,104,-1,257,508,254,106,-1,256,746,10096
1063,100000,507,254,105,1,256,506,253,109,-1,255,747,10048
1087,100000,505,253,100,1,255,504,252,104,-1,254,748,10008
1016,100000,503,252,104,-1,254,502,251,107,1,253,749,10040
1058,100000,501,251,108,-1,253,500,250,106,-1,252,750,10050
1012,100000,499,250,100,-1,252,498,249,102,-1,251,751,10038
1018,100000,497,249,104,1,251,496,248,107,-1,250,752,10039
1060,100000,495,248,109,1,250,494,247,100,-1,249,753,10011
1068,100000,493,247,108,1,249,492,246,107,-1,248,754,10091
1045,100000,491,246,100,-1,248,490,245,106,1,247,755,10090
1083,100000,489,245,103,1,247,488,244,101,-1,246,756,10046
1032,100000,487,244,101,1,246,486,243,103,1,245,757,10093
1027,100000,485,243,103,1,245,484,242,107,-1,244,758,10018
1075,100000,483,242,102,-1,244,482,241,109,-1,243,759,10096
1040,100000,481,241,101,1,243,480,240,106,1,242,760,10014
1028,100000,479,240,109,-1,242,478,239,108,1,241,761,10062
1050,100000,477,239,101,-1,241,476,238,109,1,240,762,10065
1072,100000,475,238,106,-1,240,474,237,108,-1,239,763,10050
1002,100000,473,237,105,1,239,472,236,103,1,238,764,10027
1001,100000,471,236,102,1,238,470,235,105,-1,237,765,10026
1093,100000,469,235,101,-1,237,468,234,107,1,236,766,10015
1040,100000,467,234,100,-1,236,466,233,102,1,235,767,10080
1044,100000,465,233,104,1,235,464,232,109,1,234,768,10054
1061,100000,463,232,108,-1,234,462,231,100,1,233,769,10084
1023,100000,461,231,105,1,233,460,230,108,1,232,770,10022
1020,100000,459,230,101,-1,232,458,229,105,1,231,771,10027
1098,100000,457,229,108,1,231,456,228,106,1,230,772,10035
1029,100000,455,228,102,1,230,454,227,101,1,229,773,10052
1027,100000,453,227,106,-1,229,452,226,108,-1,228,774,10066
1047,100000,451,226,108,-1,228,450,225,109,1,227,775,10074
1032,100000,449,225,106,1,227,448,224,107,-1,226,776,10099
1055,100000,447,224,106,-1,226,446,223,104,-1,225,777,10033
1036,100000,445,223,100,-1,225,444,222,107,-1,224,778,10067
1046,100000,443,222,102,1,224,442,221,103,1,223,779,10064
1073,100000,441,221,102,1,223,440,220,101,-1,222,780,10028
1094,100000,439,220,105,-1,222,438,219,100,1,221,781,10042
1068,100000,437,219,101,-1,221,436,218,107,1,220,782,10063
1055,100000,435,218,100,-1,220,434,217,105,1,219,783,10047
1003,100000,433,217,101,-1,219,432,216,100,-1,218,784,10030
1029,100000,431,216,102,-1,218,430,215,107,1,217,785,10068
1044,100000,429,215,109,1,217,428,214,103,-1,216,786,10074
1045,100000,427,214,109,1,216,426,213,105,-1,215,787,10026
1049,100000,425,213,104,-1,215,424,212,105,-1,214,788,10050
1041,100000,423,212,109,-1,214,422,211,104,-1,213,789,10029
1041,100000,421,211,102,1,213,420,210,104,-1,212,790,10036
1005,100000,419,210,101,1,212,418,209,103,1,211,791,10086
1028,100000,417,209,100,1,211,416,208,103,-1,210,792,10072
1021,100000,415,208,104,1,210,414,207,103,-1,209,793,10095
1048,100000,413,207,105,-1,209,412,206,101,-1,208,794,10036
1086,100000,411,206,109,1,208,410,205,102,1,207,795,10052
1031,100000,409,205,109,1,207,408,204,102,1,206,796,10097
1045,100000,407,204,106,-1,206,406,203,104,1,205,797,10084
1000,100000,405,203,102,-1,205,404,202,107,-1,204,798,10067
1097,100000,403,202,102,1,204,402,201,103,-1,203,799,10012
1098,100000,401,201,107,-1,203,400,200,101,-1,202,800,10016
1023,100000,399,200,102,-1,202,398,199,109,-1,201,801,10085
1084,100000,397,199,104,-1,201,396,198,107,1,200,802,10036
1035,100000,395,198,102,1,200,394,197,105,1,199,803,10016
1090,100000,393,197,101,-1,199,392,196,104,-1,198,804,10063
1053,100000,391,196,104,1,198,390,195,105,1,197,805,10010
1091,100000,389,195,100,-1,197,388,194,104,1,196,806,10010
1019,100000,387,194,109,-1,196,386,193,108,1,195,807,10055
1069,100000,385,193,102,1,195,384,192,100,-1,194,808,10011
1025,100000,383,192,105,1,194,382,191,103,1,193,809,10018
1099,100000,381,191,100,1,193,380,190,105,1,192,810,10054
1087,100000,379,190,108,1,192,378,189,106,-1,191,811,10061
1050,100000,377,189,101,-1,191,376,188,104,1,190,812,10080
1050,100000,375,188,106,1,190,374,187,103,1,189,813,10091
1047,100000,373,187,107,1,189,372,186,108,-1,188,814,10034
1080,100000,371,186,107,-1,188,370,185,100,-1,187,815,10044
1062,100000,369,185,102,-1,187,368,184,105,1,186,816,10018
1068,100000,367,184,101,1,186,366,183,106,1,185,817,10058
1021,100000,365,183,102,1,185,364,182,105,1,184,818,10095
1009,100000,363,182,104,-1,184,362,181,109,-1,183,819,10053
1075,100000,361,181,108,-1,183,360,180,101,1,182,820,10079
1034,100000,359,180,108,-1,182,358,179,107,1,181,821,10023
1046,100000,357,179,101,1,181,356,178,102,-1,180,822,10093
1025,100000,355,178,107,-1,180,354,177,100,-1,179,823,10007
1029,100000,353,177,102,-1,179,352,176,106,-1,178,824,10070
1035,100000,351,176,104,1,178,350,175,108,1,177,825,10064
1014,100000,349,175,107,-1,177,348,174,104,-1,176,826,10000
1004,100000,347,174,100,-1,176,346,173,108,1,175,827,10007
1034,100000,345,173,107,-1,175,344,172,101,-1,174,828,10035
1008,100000,343,172,103,1,174,342,171,101,1,173,829,10022
1094,100000,341,171,102,-1,173,340,170,105,-1,172,830,10029
1002,100000,339,170,102,1,172,338,169,101,-1,171,831,10071
1065,100000,337,169,100,1,171,336,168,107,1,170,832,10015
1015,100000,335,168,101,1,170,334,167,105,-1,169,833,10033
1089,100000,333,167,101,-1,169,332,166,107,-1,168,834,10065
1066,100000,331,166,106,1,168,330,165,107,-1,167,835,10038
1054,100000,329,165,106,1,167,328,164,105,1,166,836,10077
1038,100000,327,164,108,-1,166,326,163,100,1,165,837,10052
1052,100000,325,163,102,-1,165,324,162,104,-1,164,838,10029
1018,100000,323,162,105,-1,164,322,161,108,-1,163,839,10052
1080,100000,321,161,109,1,163,320,160,106,1,162,840,10030
1099,100000,319,160,105,-1,162,318,159,107,1,161,841,10009
1019,100000,317,159,103,-1,161,316,158,101,-1,160,842,10051
1023,100000,315,158,103,-1,160,314,157,105,-1,159,843,10052
1058,100000,313,157,107,-1,159,312,156,106,-1,158,844,10076
1011,100000,311,156,101,-1,158,310,155,106,-1,157,845,10081
1097,100000,309,155,100,-1,157,308,154,108,1,156,846,10081
1056,100000,307,154,109,-1,156,306,153,100,1,155,847,10078
1025,100000,305,153,105,-1,155,304,152,101,-1,154,848,10092
1080,100000,303,152,107,-1,154,302,151,106,1,153,849,10037
1007,100000,301,151,105,-1,153,300,150,108,-1,152,850,10049
1043,100000,299,150,100,1,152,298,149,108,-1,151,851,10068
1008,100000,297,149,103,1,151,296,148,101,-1,150,852,10018
1081,100000,295,148,100,-1,150,294,147,102,-1,149,853,10099
1055,100000,293,147,104,1,149,292,146,102,1,148,854,10069
1057,100000,291,146,109,1,148,290,145,106,-1,147,855,10016
1032,100000,289,145,107,-1,147,288,144,108,1,146,856,10028
1009,100000,287,144,104,1,146,286,143,106,-1,145,857,10054
1012,100000,285,143,100,-1,145,284,142,104,1,144,858,10020
1010,100000,283,142,103,-1,144,282,141,100,1,143,859,10023
1024,100000,281,141,104,1,143,280,140,108,1,142,860,10046
1082,100000,279,140,104,1,142,278,139,102,-1,141,861,10083
1016,100000,277,139,105,1,141,276,138,104,1,140,862,10041
1027,100000,275,138,102,1,140,274,137,108,1,139,863,10047
1017,100000,273,137,108,1,139,272,136,102,-1,138,864,10046
1012,100000,271,136,104,-1,138,270,135,101,1,137,865,10070
1099,100000,269,135,108,-1,137,268,134,101,-1,136,866,10012
1037,100000,267,134,107,1,136,266,133,105,-1,135,867,10072
1096,100000,265,133,106,1,135,264,132,103,1,134,868,10085
1033,100000,263,132,107,-1,134,262,131,108,1,133,869,10044
1006,100000,261,131,101,1,133,260,130,103,1,132,870,10007
1027,100000,259,130,104,-1,132,258,129,105,-1,131,871,10002
1053,100000,257,129,100,-1,131,256,128,105,1,130,872,10027
1020,100000,255,128,108,1,130,254,127,102,-1,129,873,10099
1053,100000,253,127,104,1,129,252,126,109,-1,128,874,10048
1046,100000,251,126,109,-1,128,250,125,104,-1,127,875,10043
1012,100000,249,125,105,-1,127,248,124,104,-1,126,876,10045
1001,100000,247,124,100,1,126,246,123,105,-1,125,877,10023
1013,100000,245,123,102,-1,125,244,122,109,-1,124,878,10099
1002,100000,243,122,100,1,124,242,121,105,-1,123,879,10024
1053,100000,241,121,107,-1,123,240,120,103,1,122,880,10011
1042,100000,239,120,103,1,122,238,119,108,1,121,881,10028
1089,100000,237,119,100,1,121,236,118,105,-1,120,882,10059
1027,100000,235,118,107,-1,120,234,117,100,-1,119,883,10083
1057,100000,233,117,104,1,119,232,116,105,1,118,884,10091
1058,100000,231,116,101,-1,118,230,115,108,-1,117,885,10041
1005,100000,229,115,104,-1,117,228,114,106,-1,116,886,10036
1032,100000,227,114,109,-1,116,226,113,106,1,115,887,10024
1056,100000,225,113,103,-1,115,224,112,104,-1,114,888,10006
1006,100000,223,112,102,1,114,222,111,103,-1,113,889,10076
1031,100000,221,111,100,1,113,220,110,107,1,112,890,10072
1088,100000,219,110,105,-1,112,218,109,107,-1,111,891,10086
1003,100000,217,109,102,-1,111,216,108,107,-1,110,892,10058
1028,100000,215,108,106,-1,110,214,107,101,-1,109,893,10028
1089,100000,213,107,109,-1,109,212,106,103,-1,108,894,10043
1004,100000,211,106,103,-1,108,210,105,107,1,107,895,10008
1074,100000,209,105,108,-1,107,208,104,105,-1,106,896,10049
1058,100000,207,104,106,-1,106,206,103,109,1,105,897,10016
1025,100000,205,103,109,1,105,204,102,108,1,104,898,10056
1082,100000,203,102,107,-1,104,202,101,104,1,103,899,10044
1094,100000,201,101,103,1,103,200,100,100,-1,102,900,10067
1053,100000,199,100,101,1,102,198,99,108,-1,101,901,10087
1004,100000,197,99,108,-1,101,196,98,103,-1,100,902,10025
1053,100000,195,98,101,-1,100,194,97,100,1,99,903,10074
1026,100000,193,97,109,-1,99,192,96,101,1,98,904,10037
1045,100000,191,96,105,1,98,190,95,104,1,97,905,10020
1061,100000,189,95,101,1,97,188,94,105,-1,96,906,10037
1073,100000,187,94,105,1,96,186,93,102,1,95,907,10077
1007,100000,185,93,101,-1,95,184,92,100,1,94,908,10092
1094,100000,183,92,108,1,94,182,91,105,1,93,909,10010
1067,100000,181,91,107,1,93,180,90,102,1,92,910,10015
1058,100000,179,90,108,-1,92,178,89,109,1,91,911,10063
1010,100000,177,89,108,-1,91,176,88,104,-1,90,912,10075
1018,100000,175,88,105,-1,90,174,87,106,1,89,913,10017
1025,100000,173,87,103,1,89,172,86,105,1,88,914,10081
1058,100000,171,86,100,-1,88,170,85,101,-1,87,915,10028
1079,100000,169,85,106,1,87,168,84,101,1,86,916,10042
1012,100000,167,84,107,-1,86,166,83,109,-1,85,917,10007
1095,100000,165,83,100,-1,85,164,82,103,1,84,918,10093
1038,100000,163,82,103,-1,84,162,81,100,1,83,919,10042
1085,100000,161,81,108,-1,83,160,80,105,-1,82,920,10087
1073,100000,159,80,104,-1,82,158,79,103,-1,81,921,10036
1027,100000,157,79,104,1,81,156,78,109,1,80,922,10091
1041,100000,155,78,101,1,80,154,77,107,1,79,923,10087
1071,100000,153,77,104,1,79,152,76,105,1,78,924,10054
1092,100000,151,76,109,1,78,150,75,102,1,77,925,10026
1008,100000,149,75,107,-1,77,148,74,105,1,76,926,10099
1033,100000,147,74,100,1,76,146,73,102,1,75,927,10026
1088,100000,145,73,100,1,75,144,72,106,1,74,928,10031
1083,100000,143,72,104,1,74,142,71,103,-1,73,929,10066
1034,100000,141,71,100,-1,73,140,70,102,-1,72,930,10093
1089,100000,139,70,101,1,72,138,69,100,-1,71,931,10090
1092,100000,137,69,104,1,71,136,68,103,1,70,932,10044
1081,100000,135,68,100,-1,70,134,67,103,1,69,933,10090
1057,100000,133,67,103,1,69,132,66,109,-1,68,934,10000
1009,100000,131,66,104,-1,68,130,65,108,1,67,935,10086
1016,100000,129,65,101,-1,67,128,64,105,1,66,936,10064
1092,100000,127,64,104,-1,66,126,63,103,-1,65,937,10040
1055,100000,125,63,104,1,65,124,62,102,1,64,938,10010
1075,100000,123,62,102,1,64,122,61,109,1,63,939,10098
1059,100000,121,61,109,1,63,120,60,106,1,62,940,10018
1004,100000,119,60,103,1,62,118,59,104,1,61,941,10039
1083,100000,117,59,103,1,61,116,58,101,1,60,942,10022
1007,100000,115,58,102,1,60,114,57,108,-1,59,943,10092
1027,100000,113,57,103,-1,59,112,56,108,-1,58,944,10045
1098,100000,111,56,100,1,58,110,55,104,-1,57,945,10014
1023,100000,109,55,103,-1,57,108,54,107,1,56,946,10066
1092,100000,107,54,109,1,56,106,53,107,1,55,947,10097
1066,100000,105,53,108,1,55,104,52,101,-1,54,948,10003
1086,100000,103,52,107,-1,54,102,51,104,1,53,949,10048
1068,100000,101,51,108,1,53,100,50,104,1,52,950,10022
1059,100000,99,50,104,1,52,98,49,105,1,51,951,10056
1009,100000,97,49,106,1,51,96,48,107,-1,50,952,10056
1084,100000,95,48,102,-1,50,94,47,103,1,49,953,10037
1085,100000,93,47,105,-1,49,92,46,103,-1,48,954,10050
1040,100000,91,46,106,1,48,90,45,104,1,47,955,10035
1049,100000,89,45,108,-1,47,88,44,104,-1,46,956,10057
1050,100000,87,44,105,-1,46,86,43,108,-1,45,957,10026
1038,100000,85,43,105,1,45,84,42,107,-1,44,958,10099
1053,100000,83,42,107,1,44,82,41,104,1,43,959,10084
1058,100000,81,41,109,1,43,80,40,106,-1,42,960,10015
1031,100000,79,40,108,1,42,78,39,101,1,41,961,10073
1010,100000,77,39,105,1,41,76,38,109,1,40,962,10080
1067,100000,75,38,108,1,40,74,37,103,1,39,963,10016
1064,100000,73,37,102,1,39,72,36,108,1,38,964,10020
1080,100000,71,36,107,-1,38,70,35,108,1,37,965,10035
1014,100000,69,35,105,1,37,68,34,106,-1,36,966,10065
1022,100000,67,34,106,1,36,66,33,109,-1,35,967,10000
1080,100000,65,33,108,1,35,64,32,101,-1,34,968,10056
1072,100000,63,32,103,-1,34,62,31,105,-1,33,969,10092
1002,100000,61,31,106,-1,33,60,30,100,1,32,970,10051
1064,100000,59,30,102,1,32,58,29,100,1,31,971,10063
1014,100000,57,29,101,-1,31,56,28,103,1,30,972,10089
1042,100000,55,28,102,1,30,54,27,103,-1,29,973,10082
1057,100000,53,27,101,-1,29,52,26,100,-1,28,974,10077
1003,100000,51,26,102,1,28,50,25,107,1,27,975,10060
1096,100000,49,25,107,-1,27,48,24,100,-1,26,976,10005
1064,100000,47,24,105,1,26,46,23,104,1,25,977,10082
1063,100000,45,23,109,1,25,44,22,102,1,24,978,10012
1019,100000,43,22,106,1,24,42,21,103,1,23,979,10088
1021,100000,41,21,108,-1,23,40,20,102,-1,22,980,10001
1006,100000,39,20,106,1,22,38,19,107,-1,21,981,10071
1015,100000,37,19,102,1,21,36,18,106,-1,20,982,10066
1081,100000,35,18,107,1,20,34,17,103,-1,19,983,10050
1011,100000,33,17,100,1,19,32,16,104,-1,18,984,10096
1096,100000,31,16,108,1,18,30,15,104,1,17,985,10005
1077,100000,29,15,105,1,17,28,14,104,1,16,986,10027
1032,100000,27,14,108,1,16,26,13,101,1,15,987,10058
1085,100000,25,13,101,-1,15,24,12,104,1,14,988,10018
1046,100000,23,12,103,1,14,22,11,106,1,13,989,10093
1012,100000,21,11,105,1,13,20,10,103,1,12,990,10032
1078,100000,19,10,102,1,12,18,9,106,-1,11,991,10006
1092,100000,17,9,103,-1,11,16,8,107,1,10,992,10053
1023,100000,15,8,109,1,10,14,7,101,-1,9,993,10028
1007,100000,13,7,100,-1,9,12,6,109,1,8,994,10056
1005,100000,11,6,104,1,8,10,5,109,1,7,995,10065
1061,100000,9,5,104,1,7,8,4,108,1,6,996,10027
1089,100000,7,4,108,1,6,6,3,103,1,5,997,10081
1090,100000,5,3,106,1,5,4,2,100,-1,4,998,10048
1009,100000,3,2,108,-1,4,2,1,101,1,3,999,10002
1079,100000,1,1,107,1,3,0,0,101,-1,2,1000,10034
